,id,type,PlanArea,Longitude,Latitude,YearBuilt,NumberOfStories,RoofShape,DWSII,BuildingType,OccupancyClass,MeanRoofHt,RoofSlope,geometry
0,,,,,,,,Flat,167,Wood,RES3,,1.05,
1,,,,,,,,Flat,167,Wood,RES3,,1.05,
2,,,,,,,,Flat,167,Wood,RES3,,1.05,
3,,,,,,,,Flat,167,Wood,RES3,,1.05,
4,,,,,,,,Flat,167,Wood,RES3,,1.05,
5,,,,,,,,Flat,167,Wood,RES3,,1.05,
6,,,,,,,,Flat,167,Wood,RES3,,1.05,
7,,,,,,,,Flat,167,Wood,RES3,,1.05,
8,,,,,,,,Flat,167,Wood,RES3,,1.05,
9,,,,,,,,Flat,167,Wood,RES3,,1.05,
10,,,,,,,,Flat,167,Wood,RES3,,1.05,
11,,,,,,,,Flat,167,Wood,RES3,,1.05,
12,,,,,,,,Flat,167,Wood,RES3,,1.05,
13,,,,,,,,Flat,167,Wood,RES3,,1.05,
14,,,,,,,,Flat,167,Wood,RES3,,1.05,
15,,,,,,,,Flat,167,Wood,RES3,,1.05,
16,,,,,,,,Flat,167,Wood,RES3,,1.05,
17,,,,,,,,Flat,167,Wood,RES3,,1.05,
18,,,,,,,,Flat,167,Wood,RES3,,1.05,
19,,,,,,,,Flat,167,Wood,RES3,,1.05,
20,,,,,,,,Flat,167,Wood,RES3,,1.05,
21,,,,,,,,Flat,167,Wood,RES3,,1.05,
22,,,,,,,,Flat,167,Wood,RES3,,1.05,
23,,,,,,,,Flat,167,Wood,RES3,,1.05,
24,,,,,,,,Flat,167,Wood,RES3,,1.05,
25,,,,,,,,Flat,167,Wood,RES3,,1.05,
26,,,,,,,,Flat,167,Wood,RES3,,1.05,
27,,,,,,,,Flat,167,Wood,RES3,,1.05,
28,,,,,,,,Flat,167,Wood,RES3,,1.05,
29,,,,,,,,Flat,167,Wood,RES3,,1.05,
30,,,,,,,,Flat,167,Wood,RES3,,1.05,
31,,,,,,,,Flat,167,Wood,RES3,,1.05,
32,,,,,,,,Flat,167,Wood,RES3,,1.05,
33,,,,,,,,Flat,167,Wood,RES3,,1.05,
34,,,,,,,,Flat,167,Wood,RES3,,1.05,
35,,,,,,,,Flat,167,Wood,RES3,,1.05,
36,,,,,,,,Flat,167,Wood,RES3,,1.05,
37,,,,,,,,Flat,167,Wood,RES3,,1.05,
38,,,,,,,,Flat,167,Wood,RES3,,1.05,
39,,,,,,,,Flat,167,Wood,RES3,,1.05,
40,,,,,,,,Flat,167,Wood,RES3,,1.05,
41,,,,,,,,Flat,167,Wood,RES3,,1.05,
42,,,,,,,,Flat,167,Wood,RES3,,1.05,
43,,,,,,,,Flat,167,Wood,RES3,,1.05,
44,,,,,,,,Flat,167,Wood,RES3,,1.05,
45,,,,,,,,Flat,167,Wood,RES3,,1.05,
46,,,,,,,,Flat,167,Wood,RES3,,1.05,
47,,,,,,,,Flat,167,Wood,RES3,,1.05,
48,,,,,,,,Flat,167,Wood,RES3,,1.05,
49,,,,,,,,Flat,167,Wood,RES3,,1.05,
50,,,,,,,,Flat,167,Wood,RES3,,1.05,
51,,,,,,,,Flat,167,Wood,RES3,,1.05,
52,,,,,,,,Flat,167,Wood,RES3,,1.05,
53,,,,,,,,Flat,167,Wood,RES3,,1.05,
54,,,,,,,,Flat,167,Wood,RES3,,1.05,
55,,,,,,,,Flat,167,Wood,RES3,,1.05,
56,,,,,,,,Flat,167,Wood,RES3,,1.05,
57,,,,,,,,Flat,167,Wood,RES3,,1.05,
58,,,,,,,,Flat,167,Wood,RES3,,1.05,
59,,,,,,,,Flat,167,Wood,RES3,,1.05,
60,,,,,,,,Flat,167,Wood,RES3,,1.05,
61,,,,,,,,Flat,167,Wood,RES3,,1.05,
62,,,,,,,,Flat,167,Wood,RES3,,1.05,
63,,,,,,,,Flat,167,Wood,RES3,,1.05,
64,,,,,,,,Flat,167,Wood,RES3,,1.05,
65,,,,,,,,Flat,167,Wood,RES3,,1.05,
66,,,,,,,,Flat,167,Wood,RES3,,1.05,
67,,,,,,,,Flat,167,Wood,RES3,,1.05,
68,,,,,,,,Flat,167,Wood,RES3,,1.05,
69,,,,,,,,Flat,167,Wood,RES3,,1.05,
70,,,,,,,,Flat,167,Wood,RES3,,1.05,
71,,,,,,,,Flat,167,Wood,RES3,,1.05,
72,,,,,,,,Flat,167,Wood,RES3,,1.05,
73,,,,,,,,Flat,167,Wood,RES3,,1.05,
74,,,,,,,,Flat,167,Wood,RES3,,1.05,
75,,,,,,,,Flat,167,Wood,RES3,,1.05,
76,,,,,,,,Flat,167,Wood,RES3,,1.05,
77,,,,,,,,Flat,167,Wood,RES3,,1.05,
78,,,,,,,,Flat,167,Wood,RES3,,1.05,
79,,,,,,,,Flat,167,Wood,RES3,,1.05,
80,,,,,,,,Flat,167,Wood,RES3,,1.05,
81,,,,,,,,Flat,167,Wood,RES3,,1.05,
82,,,,,,,,Flat,167,Wood,RES3,,1.05,
83,,,,,,,,Flat,167,Wood,RES3,,1.05,
84,,,,,,,,Flat,167,Wood,RES3,,1.05,
85,,,,,,,,Flat,167,Wood,RES3,,1.05,
86,,,,,,,,Flat,167,Wood,RES3,,1.05,
87,,,,,,,,Flat,167,Wood,RES3,,1.05,
88,,,,,,,,Flat,167,Wood,RES3,,1.05,
89,,,,,,,,Flat,167,Wood,RES3,,1.05,
90,,,,,,,,Flat,167,Wood,RES3,,1.05,
91,,,,,,,,Flat,167,Wood,RES3,,1.05,
92,,,,,,,,Flat,167,Wood,RES3,,1.05,
93,,,,,,,,Flat,167,Wood,RES3,,1.05,
94,,,,,,,,Flat,167,Wood,RES3,,1.05,
95,,,,,,,,Flat,167,Wood,RES3,,1.05,
96,,,,,,,,Flat,167,Wood,RES3,,1.05,
97,,,,,,,,Flat,167,Wood,RES3,,1.05,
98,,,,,,,,Flat,167,Wood,RES3,,1.05,
99,,,,,,,,Flat,167,Wood,RES3,,1.05,
100,,,,,,,,Flat,167,Wood,RES3,,1.05,
101,,,,,,,,Flat,167,Wood,RES3,,1.05,
102,,,,,,,,Flat,167,Wood,RES3,,1.05,
103,,,,,,,,Flat,167,Wood,RES3,,1.05,
104,,,,,,,,Flat,167,Wood,RES3,,1.05,
105,,,,,,,,Flat,167,Wood,RES3,,1.05,
106,,,,,,,,Flat,167,Wood,RES3,,1.05,
107,,,,,,,,Flat,167,Wood,RES3,,1.05,
108,,,,,,,,Flat,167,Wood,RES3,,1.05,
109,,,,,,,,Flat,167,Wood,RES3,,1.05,
110,,,,,,,,Flat,167,Wood,RES3,,1.05,
111,,,,,,,,Flat,167,Wood,RES3,,1.05,
112,,,,,,,,Flat,167,Wood,RES3,,1.05,
113,,,,,,,,Flat,167,Wood,RES3,,1.05,
114,,,,,,,,Flat,167,Wood,RES3,,1.05,
115,,,,,,,,Flat,167,Wood,RES3,,1.05,
116,,,,,,,,Flat,167,Wood,RES3,,1.05,
117,,,,,,,,Flat,167,Wood,RES3,,1.05,
118,,,,,,,,Flat,167,Wood,RES3,,1.05,
119,,,,,,,,Flat,167,Wood,RES3,,1.05,
120,,,,,,,,Flat,167,Wood,RES3,,1.05,
121,,,,,,,,Flat,167,Wood,RES3,,1.05,
122,,,,,,,,Flat,167,Wood,RES3,,1.05,
123,,,,,,,,Flat,167,Wood,RES3,,1.05,
124,,,,,,,,Flat,167,Wood,RES3,,1.05,
125,,,,,,,,Flat,167,Wood,RES3,,1.05,
126,,,,,,,,Flat,167,Wood,RES3,,1.05,
127,,,,,,,,Flat,167,Wood,RES3,,1.05,
128,,,,,,,,Flat,167,Wood,RES3,,1.05,
129,,,,,,,,Flat,167,Wood,RES3,,1.05,
130,,,,,,,,Flat,167,Wood,RES3,,1.05,
131,,,,,,,,Flat,167,Wood,RES3,,1.05,
132,,,,,,,,Flat,167,Wood,RES3,,1.05,
133,,,,,,,,Flat,167,Wood,RES3,,1.05,
134,,,,,,,,Flat,167,Wood,RES3,,1.05,
135,,,,,,,,Flat,167,Wood,RES3,,1.05,
136,,,,,,,,Flat,167,Wood,RES3,,1.05,
137,,,,,,,,Flat,167,Wood,RES3,,1.05,
138,,,,,,,,Flat,167,Wood,RES3,,1.05,
139,,,,,,,,Flat,167,Wood,RES3,,1.05,
140,,,,,,,,Flat,167,Wood,RES3,,1.05,
141,,,,,,,,Flat,167,Wood,RES3,,1.05,
142,,,,,,,,Flat,167,Wood,RES3,,1.05,
143,,,,,,,,Flat,167,Wood,RES3,,1.05,
144,,,,,,,,Flat,167,Wood,RES3,,1.05,
145,,,,,,,,Flat,167,Wood,RES3,,1.05,
146,,,,,,,,Flat,167,Wood,RES3,,1.05,
147,,,,,,,,Flat,167,Wood,RES3,,1.05,
148,,,,,,,,Flat,167,Wood,RES3,,1.05,
149,,,,,,,,Flat,167,Wood,RES3,,1.05,
150,,,,,,,,Flat,167,Wood,RES3,,1.05,
151,,,,,,,,Flat,167,Wood,RES3,,1.05,
152,,,,,,,,Flat,167,Wood,RES3,,1.05,
153,,,,,,,,Flat,167,Wood,RES3,,1.05,
154,,,,,,,,Flat,167,Wood,RES3,,1.05,
155,,,,,,,,Flat,167,Wood,RES3,,1.05,
156,,,,,,,,Flat,167,Wood,RES3,,1.05,
157,,,,,,,,Flat,167,Wood,RES3,,1.05,
158,,,,,,,,Flat,167,Wood,RES3,,1.05,
159,,,,,,,,Flat,167,Wood,RES3,,1.05,
160,,,,,,,,Flat,167,Wood,RES3,,1.05,
161,,,,,,,,Flat,167,Wood,RES3,,1.05,
162,,,,,,,,Flat,167,Wood,RES3,,1.05,
163,,,,,,,,Flat,167,Wood,RES3,,1.05,
164,,,,,,,,Flat,167,Wood,RES3,,1.05,
165,,,,,,,,Flat,167,Wood,RES3,,1.05,
166,,,,,,,,Flat,167,Wood,RES3,,1.05,
167,,,,,,,,Flat,167,Wood,RES3,,1.05,
168,,,,,,,,Flat,167,Wood,RES3,,1.05,
169,,,,,,,,Flat,167,Wood,RES3,,1.05,
170,,,,,,,,Flat,167,Wood,RES3,,1.05,
171,,,,,,,,Flat,167,Wood,RES3,,1.05,
172,,,,,,,,Flat,167,Wood,RES3,,1.05,
173,,,,,,,,Flat,167,Wood,RES3,,1.05,
174,,,,,,,,Flat,167,Wood,RES3,,1.05,
175,,,,,,,,Flat,167,Wood,RES3,,1.05,
176,,,,,,,,Flat,167,Wood,RES3,,1.05,
177,,,,,,,,Flat,167,Wood,RES3,,1.05,
178,,,,,,,,Flat,167,Wood,RES3,,1.05,
179,,,,,,,,Flat,167,Wood,RES3,,1.05,
180,,,,,,,,Flat,167,Wood,RES3,,1.05,
181,,,,,,,,Flat,167,Wood,RES3,,1.05,
182,,,,,,,,Flat,167,Wood,RES3,,1.05,
183,,,,,,,,Flat,167,Wood,RES3,,1.05,
184,,,,,,,,Flat,167,Wood,RES3,,1.05,
185,,,,,,,,Flat,167,Wood,RES3,,1.05,
186,,,,,,,,Flat,167,Wood,RES3,,1.05,
187,,,,,,,,Flat,167,Wood,RES3,,1.05,
188,,,,,,,,Flat,167,Wood,RES3,,1.05,
189,,,,,,,,Flat,167,Wood,RES3,,1.05,
190,,,,,,,,Flat,167,Wood,RES3,,1.05,
191,,,,,,,,Flat,167,Wood,RES3,,1.05,
192,,,,,,,,Flat,167,Wood,RES3,,1.05,
193,,,,,,,,Flat,167,Wood,RES3,,1.05,
194,,,,,,,,Flat,167,Wood,RES3,,1.05,
195,,,,,,,,Flat,167,Wood,RES3,,1.05,
196,,,,,,,,Flat,167,Wood,RES3,,1.05,
197,,,,,,,,Flat,167,Wood,RES3,,1.05,
198,,,,,,,,Flat,167,Wood,RES3,,1.05,
199,,,,,,,,Flat,167,Wood,RES3,,1.05,
200,,,,,,,,Flat,167,Wood,RES3,,1.05,
201,,,,,,,,Flat,167,Wood,RES3,,1.05,
202,,,,,,,,Flat,167,Wood,RES3,,1.05,
203,,,,,,,,Flat,167,Wood,RES3,,1.05,
204,,,,,,,,Flat,167,Wood,RES3,,1.05,
205,,,,,,,,Flat,167,Wood,RES3,,1.05,
206,,,,,,,,Flat,167,Wood,RES3,,1.05,
207,,,,,,,,Flat,167,Wood,RES3,,1.05,
208,,,,,,,,Flat,167,Wood,RES3,,1.05,
209,,,,,,,,Flat,167,Wood,RES3,,1.05,
210,,,,,,,,Flat,167,Wood,RES3,,1.05,
211,,,,,,,,Flat,167,Wood,RES3,,1.05,
212,,,,,,,,Flat,167,Wood,RES3,,1.05,
213,,,,,,,,Flat,167,Wood,RES3,,1.05,
214,,,,,,,,Flat,167,Wood,RES3,,1.05,
215,,,,,,,,Flat,167,Wood,RES3,,1.05,
216,,,,,,,,Flat,167,Wood,RES3,,1.05,
217,,,,,,,,Flat,167,Wood,RES3,,1.05,
218,,,,,,,,Flat,167,Wood,RES3,,1.05,
219,,,,,,,,Flat,167,Wood,RES3,,1.05,
220,,,,,,,,Flat,167,Wood,RES3,,1.05,
221,,,,,,,,Flat,167,Wood,RES3,,1.05,
222,,,,,,,,Flat,167,Wood,RES3,,1.05,
223,,,,,,,,Flat,167,Wood,RES3,,1.05,
224,,,,,,,,Flat,167,Wood,RES3,,1.05,
225,,,,,,,,Flat,167,Wood,RES3,,1.05,
226,,,,,,,,Flat,167,Wood,RES3,,1.05,
227,,,,,,,,Flat,167,Wood,RES3,,1.05,
228,,,,,,,,Flat,167,Wood,RES3,,1.05,
229,,,,,,,,Flat,167,Wood,RES3,,1.05,
230,,,,,,,,Flat,167,Wood,RES3,,1.05,
231,,,,,,,,Flat,167,Wood,RES3,,1.05,
232,,,,,,,,Flat,167,Wood,RES3,,1.05,
233,,,,,,,,Flat,167,Wood,RES3,,1.05,
234,,,,,,,,Flat,167,Wood,RES3,,1.05,
235,,,,,,,,Flat,167,Wood,RES3,,1.05,
236,,,,,,,,Flat,167,Wood,RES3,,1.05,
237,,,,,,,,Flat,167,Wood,RES3,,1.05,
238,,,,,,,,Flat,167,Wood,RES3,,1.05,
239,,,,,,,,Flat,167,Wood,RES3,,1.05,
240,,,,,,,,Flat,167,Wood,RES3,,1.05,
241,,,,,,,,Flat,167,Wood,RES3,,1.05,
242,,,,,,,,Flat,167,Wood,RES3,,1.05,
243,,,,,,,,Flat,167,Wood,RES3,,1.05,
244,,,,,,,,Flat,167,Wood,RES3,,1.05,
245,,,,,,,,Flat,167,Wood,RES3,,1.05,
246,,,,,,,,Flat,167,Wood,RES3,,1.05,
247,,,,,,,,Flat,167,Wood,RES3,,1.05,
248,,,,,,,,Flat,167,Wood,RES3,,1.05,
249,,,,,,,,Flat,167,Wood,RES3,,1.05,
250,,,,,,,,Flat,167,Wood,RES3,,1.05,
251,,,,,,,,Flat,167,Wood,RES3,,1.05,
252,,,,,,,,Flat,167,Wood,RES3,,1.05,
253,,,,,,,,Flat,167,Wood,RES3,,1.05,
254,,,,,,,,Flat,167,Wood,RES3,,1.05,
255,,,,,,,,Flat,167,Wood,RES3,,1.05,
256,,,,,,,,Flat,167,Wood,RES3,,1.05,
257,,,,,,,,Flat,167,Wood,RES3,,1.05,
258,,,,,,,,Flat,167,Wood,RES3,,1.05,
259,,,,,,,,Flat,167,Wood,RES3,,1.05,
260,,,,,,,,Flat,167,Wood,RES3,,1.05,
261,,,,,,,,Flat,167,Wood,RES3,,1.05,
262,,,,,,,,Flat,167,Wood,RES3,,1.05,
263,,,,,,,,Flat,167,Wood,RES3,,1.05,
264,,,,,,,,Flat,167,Wood,RES3,,1.05,
265,,,,,,,,Flat,167,Wood,RES3,,1.05,
266,,,,,,,,Flat,167,Wood,RES3,,1.05,
267,,,,,,,,Flat,167,Wood,RES3,,1.05,
268,,,,,,,,Flat,167,Wood,RES3,,1.05,
269,,,,,,,,Flat,167,Wood,RES3,,1.05,
270,,,,,,,,Flat,167,Wood,RES3,,1.05,
271,,,,,,,,Flat,167,Wood,RES3,,1.05,
272,,,,,,,,Flat,167,Wood,RES3,,1.05,
273,,,,,,,,Flat,167,Wood,RES3,,1.05,
274,,,,,,,,Flat,167,Wood,RES3,,1.05,
275,,,,,,,,Flat,167,Wood,RES3,,1.05,
276,,,,,,,,Flat,167,Wood,RES3,,1.05,
277,,,,,,,,Flat,167,Wood,RES3,,1.05,
278,,,,,,,,Flat,167,Wood,RES3,,1.05,
279,,,,,,,,Flat,167,Wood,RES3,,1.05,
280,,,,,,,,Flat,167,Wood,RES3,,1.05,
281,,,,,,,,Flat,167,Wood,RES3,,1.05,
282,,,,,,,,Flat,167,Wood,RES3,,1.05,
283,,,,,,,,Flat,167,Wood,RES3,,1.05,
284,,,,,,,,Flat,167,Wood,RES3,,1.05,
285,,,,,,,,Flat,167,Wood,RES3,,1.05,
286,,,,,,,,Flat,167,Wood,RES3,,1.05,
287,,,,,,,,Flat,167,Wood,RES3,,1.05,
288,,,,,,,,Flat,167,Wood,RES3,,1.05,
289,,,,,,,,Flat,167,Wood,RES3,,1.05,
290,,,,,,,,Flat,167,Wood,RES3,,1.05,
291,,,,,,,,Flat,167,Wood,RES3,,1.05,
292,,,,,,,,Flat,167,Wood,RES3,,1.05,
293,,,,,,,,Flat,167,Wood,RES3,,1.05,
294,,,,,,,,Flat,167,Wood,RES3,,1.05,
295,,,,,,,,Flat,167,Wood,RES3,,1.05,
296,,,,,,,,Flat,167,Wood,RES3,,1.05,
297,,,,,,,,Flat,167,Wood,RES3,,1.05,
298,,,,,,,,Flat,167,Wood,RES3,,1.05,
299,,,,,,,,Flat,167,Wood,RES3,,1.05,
300,,,,,,,,Flat,167,Wood,RES3,,1.05,
301,,,,,,,,Flat,167,Wood,RES3,,1.05,
302,,,,,,,,Flat,167,Wood,RES3,,1.05,
303,,,,,,,,Flat,167,Wood,RES3,,1.05,
304,,,,,,,,Flat,167,Wood,RES3,,1.05,
305,,,,,,,,Flat,167,Wood,RES3,,1.05,
306,,,,,,,,Flat,167,Wood,RES3,,1.05,
307,,,,,,,,Flat,167,Wood,RES3,,1.05,
308,,,,,,,,Flat,167,Wood,RES3,,1.05,
309,,,,,,,,Flat,167,Wood,RES3,,1.05,
310,,,,,,,,Flat,167,Wood,RES3,,1.05,
311,,,,,,,,Flat,167,Wood,RES3,,1.05,
312,,,,,,,,Flat,167,Wood,RES3,,1.05,
313,,,,,,,,Flat,167,Wood,RES3,,1.05,
314,,,,,,,,Flat,167,Wood,RES3,,1.05,
315,,,,,,,,Flat,167,Wood,RES3,,1.05,
316,,,,,,,,Flat,167,Wood,RES3,,1.05,
317,,,,,,,,Flat,167,Wood,RES3,,1.05,
318,,,,,,,,Flat,167,Wood,RES3,,1.05,
319,,,,,,,,Flat,167,Wood,RES3,,1.05,
320,,,,,,,,Flat,167,Wood,RES3,,1.05,
321,,,,,,,,Flat,167,Wood,RES3,,1.05,
322,,,,,,,,Flat,167,Wood,RES3,,1.05,
323,,,,,,,,Flat,167,Wood,RES3,,1.05,
324,,,,,,,,Flat,167,Wood,RES3,,1.05,
325,,,,,,,,Flat,167,Wood,RES3,,1.05,
326,,,,,,,,Flat,167,Wood,RES3,,1.05,
327,,,,,,,,Flat,167,Wood,RES3,,1.05,
328,,,,,,,,Flat,167,Wood,RES3,,1.05,
329,,,,,,,,Flat,167,Wood,RES3,,1.05,
330,,,,,,,,Flat,167,Wood,RES3,,1.05,
331,,,,,,,,Flat,167,Wood,RES3,,1.05,
332,,,,,,,,Flat,167,Wood,RES3,,1.05,
333,,,,,,,,Flat,167,Wood,RES3,,1.05,
334,,,,,,,,Flat,167,Wood,RES3,,1.05,
335,,,,,,,,Flat,167,Wood,RES3,,1.05,
336,,,,,,,,Flat,167,Wood,RES3,,1.05,
337,,,,,,,,Flat,167,Wood,RES3,,1.05,
338,,,,,,,,Flat,167,Wood,RES3,,1.05,
339,,,,,,,,Flat,167,Wood,RES3,,1.05,
340,,,,,,,,Flat,167,Wood,RES3,,1.05,
341,,,,,,,,Flat,167,Wood,RES3,,1.05,
342,,,,,,,,Flat,167,Wood,RES3,,1.05,
343,,,,,,,,Flat,167,Wood,RES3,,1.05,
344,,,,,,,,Flat,167,Wood,RES3,,1.05,
345,,,,,,,,Flat,167,Wood,RES3,,1.05,
346,,,,,,,,Flat,167,Wood,RES3,,1.05,
347,,,,,,,,Flat,167,Wood,RES3,,1.05,
348,,,,,,,,Flat,167,Wood,RES3,,1.05,
349,,,,,,,,Flat,167,Wood,RES3,,1.05,
350,,,,,,,,Flat,167,Wood,RES3,,1.05,
351,,,,,,,,Flat,167,Wood,RES3,,1.05,
352,,,,,,,,Flat,167,Wood,RES3,,1.05,
353,,,,,,,,Flat,167,Wood,RES3,,1.05,
354,,,,,,,,Flat,167,Wood,RES3,,1.05,
355,,,,,,,,Flat,167,Wood,RES3,,1.05,
356,,,,,,,,Flat,167,Wood,RES3,,1.05,
357,,,,,,,,Flat,167,Wood,RES3,,1.05,
358,,,,,,,,Flat,167,Wood,RES3,,1.05,
359,,,,,,,,Flat,167,Wood,RES3,,1.05,
360,,,,,,,,Flat,167,Wood,RES3,,1.05,
361,,,,,,,,Flat,167,Wood,RES3,,1.05,
362,,,,,,,,Flat,167,Wood,RES3,,1.05,
363,,,,,,,,Flat,167,Wood,RES3,,1.05,
364,,,,,,,,Flat,167,Wood,RES3,,1.05,
365,,,,,,,,Flat,167,Wood,RES3,,1.05,
366,,,,,,,,Flat,167,Wood,RES3,,1.05,
367,,,,,,,,Flat,167,Wood,RES3,,1.05,
368,,,,,,,,Flat,167,Wood,RES3,,1.05,
369,,,,,,,,Flat,167,Wood,RES3,,1.05,
370,,,,,,,,Flat,167,Wood,RES3,,1.05,
371,,,,,,,,Flat,167,Wood,RES3,,1.05,
372,,,,,,,,Flat,167,Wood,RES3,,1.05,
373,,,,,,,,Flat,167,Wood,RES3,,1.05,
374,,,,,,,,Flat,167,Wood,RES3,,1.05,
375,,,,,,,,Flat,167,Wood,RES3,,1.05,
376,,,,,,,,Flat,167,Wood,RES3,,1.05,
377,,,,,,,,Flat,167,Wood,RES3,,1.05,
378,,,,,,,,Flat,167,Wood,RES3,,1.05,
379,,,,,,,,Flat,167,Wood,RES3,,1.05,
380,,,,,,,,Flat,167,Wood,RES3,,1.05,
381,,,,,,,,Flat,167,Wood,RES3,,1.05,
382,,,,,,,,Flat,167,Wood,RES3,,1.05,
383,,,,,,,,Flat,167,Wood,RES3,,1.05,
384,,,,,,,,Flat,167,Wood,RES3,,1.05,
385,,,,,,,,Flat,167,Wood,RES3,,1.05,
386,,,,,,,,Flat,167,Wood,RES3,,1.05,
387,,,,,,,,Flat,167,Wood,RES3,,1.05,
388,,,,,,,,Flat,167,Wood,RES3,,1.05,
389,,,,,,,,Flat,167,Wood,RES3,,1.05,
390,,,,,,,,Flat,167,Wood,RES3,,1.05,
391,,,,,,,,Flat,167,Wood,RES3,,1.05,
392,,,,,,,,Flat,167,Wood,RES3,,1.05,
393,,,,,,,,Flat,167,Wood,RES3,,1.05,
394,,,,,,,,Flat,167,Wood,RES3,,1.05,
395,,,,,,,,Flat,167,Wood,RES3,,1.05,
396,,,,,,,,Flat,167,Wood,RES3,,1.05,
397,,,,,,,,Flat,167,Wood,RES3,,1.05,
398,,,,,,,,Flat,167,Wood,RES3,,1.05,
399,,,,,,,,Flat,167,Wood,RES3,,1.05,
400,,,,,,,,Flat,167,Wood,RES3,,1.05,
401,,,,,,,,Flat,167,Wood,RES3,,1.05,
402,,,,,,,,Flat,167,Wood,RES3,,1.05,
403,,,,,,,,Flat,167,Wood,RES3,,1.05,
404,,,,,,,,Flat,167,Wood,RES3,,1.05,
405,,,,,,,,Flat,167,Wood,RES3,,1.05,
406,,,,,,,,Flat,167,Wood,RES3,,1.05,
407,,,,,,,,Flat,167,Wood,RES3,,1.05,
408,,,,,,,,Flat,167,Wood,RES3,,1.05,
409,,,,,,,,Flat,167,Wood,RES3,,1.05,
410,,,,,,,,Flat,167,Wood,RES3,,1.05,
411,,,,,,,,Flat,167,Wood,RES3,,1.05,
412,,,,,,,,Flat,167,Wood,RES3,,1.05,
413,,,,,,,,Flat,167,Wood,RES3,,1.05,
414,,,,,,,,Flat,167,Wood,RES3,,1.05,
415,,,,,,,,Flat,167,Wood,RES3,,1.05,
416,,,,,,,,Flat,167,Wood,RES3,,1.05,
417,,,,,,,,Flat,167,Wood,RES3,,1.05,
418,,,,,,,,Flat,167,Wood,RES3,,1.05,
419,,,,,,,,Flat,167,Wood,RES3,,1.05,
420,,,,,,,,Flat,167,Wood,RES3,,1.05,
421,,,,,,,,Flat,167,Wood,RES3,,1.05,
422,,,,,,,,Flat,167,Wood,RES3,,1.05,
423,,,,,,,,Flat,167,Wood,RES3,,1.05,
424,,,,,,,,Flat,167,Wood,RES3,,1.05,
425,,,,,,,,Flat,167,Wood,RES3,,1.05,
426,,,,,,,,Flat,167,Wood,RES3,,1.05,
427,,,,,,,,Flat,167,Wood,RES3,,1.05,
428,,,,,,,,Flat,167,Wood,RES3,,1.05,
429,,,,,,,,Flat,167,Wood,RES3,,1.05,
430,,,,,,,,Flat,167,Wood,RES3,,1.05,
431,,,,,,,,Flat,167,Wood,RES3,,1.05,
432,,,,,,,,Flat,167,Wood,RES3,,1.05,
433,,,,,,,,Flat,167,Wood,RES3,,1.05,
434,,,,,,,,Flat,167,Wood,RES3,,1.05,
435,,,,,,,,Flat,167,Wood,RES3,,1.05,
436,,,,,,,,Flat,167,Wood,RES3,,1.05,
437,,,,,,,,Flat,167,Wood,RES3,,1.05,
438,,,,,,,,Flat,167,Wood,RES3,,1.05,
439,,,,,,,,Flat,167,Wood,RES3,,1.05,
440,,,,,,,,Flat,167,Wood,RES3,,1.05,
441,,,,,,,,Flat,167,Wood,RES3,,1.05,
442,,,,,,,,Flat,167,Wood,RES3,,1.05,
443,,,,,,,,Flat,167,Wood,RES3,,1.05,
444,,,,,,,,Flat,167,Wood,RES3,,1.05,
445,,,,,,,,Flat,167,Wood,RES3,,1.05,
446,,,,,,,,Flat,167,Wood,RES3,,1.05,
447,,,,,,,,Flat,167,Wood,RES3,,1.05,
448,,,,,,,,Flat,167,Wood,RES3,,1.05,
449,,,,,,,,Flat,167,Wood,RES3,,1.05,
450,,,,,,,,Flat,167,Wood,RES3,,1.05,
451,,,,,,,,Flat,167,Wood,RES3,,1.05,
452,,,,,,,,Flat,167,Wood,RES3,,1.05,
453,,,,,,,,Flat,167,Wood,RES3,,1.05,
454,,,,,,,,Flat,167,Wood,RES3,,1.05,
455,,,,,,,,Flat,167,Wood,RES3,,1.05,
456,,,,,,,,Flat,167,Wood,RES3,,1.05,
457,,,,,,,,Flat,167,Wood,RES3,,1.05,
458,,,,,,,,Flat,167,Wood,RES3,,1.05,
459,,,,,,,,Flat,167,Wood,RES3,,1.05,
460,,,,,,,,Flat,167,Wood,RES3,,1.05,
461,,,,,,,,Flat,167,Wood,RES3,,1.05,
462,,,,,,,,Flat,167,Wood,RES3,,1.05,
463,,,,,,,,Flat,167,Wood,RES3,,1.05,
464,,,,,,,,Flat,167,Wood,RES3,,1.05,
465,,,,,,,,Flat,167,Wood,RES3,,1.05,
466,,,,,,,,Flat,167,Wood,RES3,,1.05,
467,,,,,,,,Flat,167,Wood,RES3,,1.05,
468,,,,,,,,Flat,167,Wood,RES3,,1.05,
469,,,,,,,,Flat,167,Wood,RES3,,1.05,
470,,,,,,,,Flat,167,Wood,RES3,,1.05,
471,,,,,,,,Flat,167,Wood,RES3,,1.05,
472,,,,,,,,Flat,167,Wood,RES3,,1.05,
473,,,,,,,,Flat,167,Wood,RES3,,1.05,
474,,,,,,,,Flat,167,Wood,RES3,,1.05,
475,,,,,,,,Flat,167,Wood,RES3,,1.05,
476,,,,,,,,Flat,167,Wood,RES3,,1.05,
477,,,,,,,,Flat,167,Wood,RES3,,1.05,
478,,,,,,,,Flat,167,Wood,RES3,,1.05,
479,,,,,,,,Flat,167,Wood,RES3,,1.05,
480,,,,,,,,Flat,167,Wood,RES3,,1.05,
481,,,,,,,,Flat,167,Wood,RES3,,1.05,
482,,,,,,,,Flat,167,Wood,RES3,,1.05,
483,,,,,,,,Flat,167,Wood,RES3,,1.05,
484,,,,,,,,Flat,167,Wood,RES3,,1.05,
485,,,,,,,,Flat,167,Wood,RES3,,1.05,
486,,,,,,,,Flat,167,Wood,RES3,,1.05,
487,,,,,,,,Flat,167,Wood,RES3,,1.05,
488,,,,,,,,Flat,167,Wood,RES3,,1.05,
489,,,,,,,,Flat,167,Wood,RES3,,1.05,
490,,,,,,,,Flat,167,Wood,RES3,,1.05,
491,,,,,,,,Flat,167,Wood,RES3,,1.05,
492,,,,,,,,Flat,167,Wood,RES3,,1.05,
493,,,,,,,,Flat,167,Wood,RES3,,1.05,
494,,,,,,,,Flat,167,Wood,RES3,,1.05,
495,,,,,,,,Flat,167,Wood,RES3,,1.05,
496,,,,,,,,Flat,167,Wood,RES3,,1.05,
497,,,,,,,,Flat,167,Wood,RES3,,1.05,
498,,,,,,,,Flat,167,Wood,RES3,,1.05,
499,,,,,,,,Flat,167,Wood,RES3,,1.05,
500,,,,,,,,Flat,167,Wood,RES3,,1.05,
501,,,,,,,,Flat,167,Wood,RES3,,1.05,
502,,,,,,,,Flat,167,Wood,RES3,,1.05,
503,,,,,,,,Flat,167,Wood,RES3,,1.05,
504,,,,,,,,Flat,167,Wood,RES3,,1.05,
505,,,,,,,,Flat,167,Wood,RES3,,1.05,
506,,,,,,,,Flat,167,Wood,RES3,,1.05,
507,,,,,,,,Flat,167,Wood,RES3,,1.05,
508,,,,,,,,Flat,167,Wood,RES3,,1.05,
509,,,,,,,,Flat,167,Wood,RES3,,1.05,
510,,,,,,,,Flat,167,Wood,RES3,,1.05,
511,,,,,,,,Flat,167,Wood,RES3,,1.05,
512,,,,,,,,Flat,167,Wood,RES3,,1.05,
513,,,,,,,,Flat,167,Wood,RES3,,1.05,
514,,,,,,,,Flat,167,Wood,RES3,,1.05,
515,,,,,,,,Flat,167,Wood,RES3,,1.05,
516,,,,,,,,Flat,167,Wood,RES3,,1.05,
517,,,,,,,,Flat,167,Wood,RES3,,1.05,
518,,,,,,,,Flat,167,Wood,RES3,,1.05,
519,,,,,,,,Flat,167,Wood,RES3,,1.05,
520,,,,,,,,Flat,167,Wood,RES3,,1.05,
521,,,,,,,,Flat,167,Wood,RES3,,1.05,
522,,,,,,,,Flat,167,Wood,RES3,,1.05,
523,,,,,,,,Flat,167,Wood,RES3,,1.05,
524,,,,,,,,Flat,167,Wood,RES3,,1.05,
525,,,,,,,,Flat,167,Wood,RES3,,1.05,
526,,,,,,,,Flat,167,Wood,RES3,,1.05,
527,,,,,,,,Flat,167,Wood,RES3,,1.05,
528,,,,,,,,Flat,167,Wood,RES3,,1.05,
529,,,,,,,,Flat,167,Wood,RES3,,1.05,
530,,,,,,,,Flat,167,Wood,RES3,,1.05,
531,,,,,,,,Flat,167,Wood,RES3,,1.05,
532,,,,,,,,Flat,167,Wood,RES3,,1.05,
533,,,,,,,,Flat,167,Wood,RES3,,1.05,
534,,,,,,,,Flat,167,Wood,RES3,,1.05,
535,,,,,,,,Flat,167,Wood,RES3,,1.05,
536,,,,,,,,Flat,167,Wood,RES3,,1.05,
537,,,,,,,,Flat,167,Wood,RES3,,1.05,
538,,,,,,,,Flat,167,Wood,RES3,,1.05,
539,,,,,,,,Flat,167,Wood,RES3,,1.05,
540,,,,,,,,Flat,167,Wood,RES3,,1.05,
541,,,,,,,,Flat,167,Wood,RES3,,1.05,
542,,,,,,,,Flat,167,Wood,RES3,,1.05,
543,,,,,,,,Flat,167,Wood,RES3,,1.05,
544,,,,,,,,Flat,167,Wood,RES3,,1.05,
545,,,,,,,,Flat,167,Wood,RES3,,1.05,
546,,,,,,,,Flat,167,Wood,RES3,,1.05,
547,,,,,,,,Flat,167,Wood,RES3,,1.05,
548,,,,,,,,Flat,167,Wood,RES3,,1.05,
549,,,,,,,,Flat,167,Wood,RES3,,1.05,
550,,,,,,,,Flat,167,Wood,RES3,,1.05,
551,,,,,,,,Flat,167,Wood,RES3,,1.05,
552,,,,,,,,Flat,167,Wood,RES3,,1.05,
553,,,,,,,,Flat,167,Wood,RES3,,1.05,
554,,,,,,,,Flat,167,Wood,RES3,,1.05,
555,,,,,,,,Flat,167,Wood,RES3,,1.05,
556,,,,,,,,Flat,167,Wood,RES3,,1.05,
557,,,,,,,,Flat,167,Wood,RES3,,1.05,
558,,,,,,,,Flat,167,Wood,RES3,,1.05,
559,,,,,,,,Flat,167,Wood,RES3,,1.05,
560,,,,,,,,Flat,167,Wood,RES3,,1.05,
561,,,,,,,,Flat,167,Wood,RES3,,1.05,
562,,,,,,,,Flat,167,Wood,RES3,,1.05,
563,,,,,,,,Flat,167,Wood,RES3,,1.05,
564,,,,,,,,Flat,167,Wood,RES3,,1.05,
565,,,,,,,,Flat,167,Wood,RES3,,1.05,
566,,,,,,,,Flat,167,Wood,RES3,,1.05,
567,,,,,,,,Flat,167,Wood,RES3,,1.05,
568,,,,,,,,Flat,167,Wood,RES3,,1.05,
569,,,,,,,,Flat,167,Wood,RES3,,1.05,
570,,,,,,,,Flat,167,Wood,RES3,,1.05,
571,,,,,,,,Flat,167,Wood,RES3,,1.05,
572,,,,,,,,Flat,167,Wood,RES3,,1.05,
573,,,,,,,,Flat,167,Wood,RES3,,1.05,
574,,,,,,,,Flat,167,Wood,RES3,,1.05,
575,,,,,,,,Flat,167,Wood,RES3,,1.05,
576,,,,,,,,Flat,167,Wood,RES3,,1.05,
577,,,,,,,,Flat,167,Wood,RES3,,1.05,
578,,,,,,,,Flat,167,Wood,RES3,,1.05,
579,,,,,,,,Flat,167,Wood,RES3,,1.05,
580,,,,,,,,Flat,167,Wood,RES3,,1.05,
581,,,,,,,,Flat,167,Wood,RES3,,1.05,
582,,,,,,,,Flat,167,Wood,RES3,,1.05,
583,,,,,,,,Flat,167,Wood,RES3,,1.05,
584,,,,,,,,Flat,167,Wood,RES3,,1.05,
585,,,,,,,,Flat,167,Wood,RES3,,1.05,
586,,,,,,,,Flat,167,Wood,RES3,,1.05,
587,,,,,,,,Flat,167,Wood,RES3,,1.05,
588,,,,,,,,Flat,167,Wood,RES3,,1.05,
589,,,,,,,,Flat,167,Wood,RES3,,1.05,
590,,,,,,,,Flat,167,Wood,RES3,,1.05,
591,,,,,,,,Flat,167,Wood,RES3,,1.05,
592,,,,,,,,Flat,167,Wood,RES3,,1.05,
593,,,,,,,,Flat,167,Wood,RES3,,1.05,
594,,,,,,,,Flat,167,Wood,RES3,,1.05,
595,,,,,,,,Flat,167,Wood,RES3,,1.05,
596,,,,,,,,Flat,167,Wood,RES3,,1.05,
597,,,,,,,,Flat,167,Wood,RES3,,1.05,
598,,,,,,,,Flat,167,Wood,RES3,,1.05,
599,,,,,,,,Flat,167,Wood,RES3,,1.05,
600,,,,,,,,Flat,167,Wood,RES3,,1.05,
601,,,,,,,,Flat,167,Wood,RES3,,1.05,
602,,,,,,,,Flat,167,Wood,RES3,,1.05,
603,,,,,,,,Flat,167,Wood,RES3,,1.05,
604,,,,,,,,Flat,167,Wood,RES3,,1.05,
605,,,,,,,,Flat,167,Wood,RES3,,1.05,
606,,,,,,,,Flat,167,Wood,RES3,,1.05,
607,,,,,,,,Flat,167,Wood,RES3,,1.05,
608,,,,,,,,Flat,167,Wood,RES3,,1.05,
609,,,,,,,,Flat,167,Wood,RES3,,1.05,
610,,,,,,,,Flat,167,Wood,RES3,,1.05,
611,,,,,,,,Flat,167,Wood,RES3,,1.05,
612,,,,,,,,Flat,167,Wood,RES3,,1.05,
613,,,,,,,,Flat,167,Wood,RES3,,1.05,
614,,,,,,,,Flat,167,Wood,RES3,,1.05,
615,,,,,,,,Flat,167,Wood,RES3,,1.05,
616,,,,,,,,Flat,167,Wood,RES3,,1.05,
617,,,,,,,,Flat,167,Wood,RES3,,1.05,
618,,,,,,,,Flat,167,Wood,RES3,,1.05,
619,,,,,,,,Flat,167,Wood,RES3,,1.05,
620,,,,,,,,Flat,167,Wood,RES3,,1.05,
621,,,,,,,,Flat,167,Wood,RES3,,1.05,
622,,,,,,,,Flat,167,Wood,RES3,,1.05,
623,,,,,,,,Flat,167,Wood,RES3,,1.05,
624,,,,,,,,Flat,167,Wood,RES3,,1.05,
625,,,,,,,,Flat,167,Wood,RES3,,1.05,
626,,,,,,,,Flat,167,Wood,RES3,,1.05,
627,,,,,,,,Flat,167,Wood,RES3,,1.05,
628,,,,,,,,Flat,167,Wood,RES3,,1.05,
629,,,,,,,,Flat,167,Wood,RES3,,1.05,
630,,,,,,,,Flat,167,Wood,RES3,,1.05,
631,,,,,,,,Flat,167,Wood,RES3,,1.05,
632,,,,,,,,Flat,167,Wood,RES3,,1.05,
633,,,,,,,,Flat,167,Wood,RES3,,1.05,
634,,,,,,,,Flat,167,Wood,RES3,,1.05,
635,,,,,,,,Flat,167,Wood,RES3,,1.05,
636,,,,,,,,Flat,167,Wood,RES3,,1.05,
637,,,,,,,,Flat,167,Wood,RES3,,1.05,
638,,,,,,,,Flat,167,Wood,RES3,,1.05,
639,,,,,,,,Flat,167,Wood,RES3,,1.05,
640,,,,,,,,Flat,167,Wood,RES3,,1.05,
641,,,,,,,,Flat,167,Wood,RES3,,1.05,
642,,,,,,,,Flat,167,Wood,RES3,,1.05,
643,,,,,,,,Flat,167,Wood,RES3,,1.05,
644,,,,,,,,Flat,167,Wood,RES3,,1.05,
645,,,,,,,,Flat,167,Wood,RES3,,1.05,
646,,,,,,,,Flat,167,Wood,RES3,,1.05,
647,,,,,,,,Flat,167,Wood,RES3,,1.05,
648,,,,,,,,Flat,167,Wood,RES3,,1.05,
649,,,,,,,,Flat,167,Wood,RES3,,1.05,
650,,,,,,,,Flat,167,Wood,RES3,,1.05,
651,,,,,,,,Flat,167,Wood,RES3,,1.05,
652,,,,,,,,Flat,167,Wood,RES3,,1.05,
653,,,,,,,,Flat,167,Wood,RES3,,1.05,
654,,,,,,,,Flat,167,Wood,RES3,,1.05,
655,,,,,,,,Flat,167,Wood,RES3,,1.05,
656,,,,,,,,Flat,167,Wood,RES3,,1.05,
657,,,,,,,,Flat,167,Wood,RES3,,1.05,
658,,,,,,,,Flat,167,Wood,RES3,,1.05,
659,,,,,,,,Flat,167,Wood,RES3,,1.05,
660,,,,,,,,Flat,167,Wood,RES3,,1.05,
661,,,,,,,,Flat,167,Wood,RES3,,1.05,
662,,,,,,,,Flat,167,Wood,RES3,,1.05,
663,,,,,,,,Flat,167,Wood,RES3,,1.05,
664,,,,,,,,Flat,167,Wood,RES3,,1.05,
665,,,,,,,,Flat,167,Wood,RES3,,1.05,
666,,,,,,,,Flat,167,Wood,RES3,,1.05,
667,,,,,,,,Flat,167,Wood,RES3,,1.05,
668,,,,,,,,Flat,167,Wood,RES3,,1.05,
669,,,,,,,,Flat,167,Wood,RES3,,1.05,
670,,,,,,,,Flat,167,Wood,RES3,,1.05,
671,,,,,,,,Flat,167,Wood,RES3,,1.05,
672,,,,,,,,Flat,167,Wood,RES3,,1.05,
673,,,,,,,,Flat,167,Wood,RES3,,1.05,
674,,,,,,,,Flat,167,Wood,RES3,,1.05,
675,,,,,,,,Flat,167,Wood,RES3,,1.05,
676,,,,,,,,Flat,167,Wood,RES3,,1.05,
677,,,,,,,,Flat,167,Wood,RES3,,1.05,
678,,,,,,,,Flat,167,Wood,RES3,,1.05,
679,,,,,,,,Flat,167,Wood,RES3,,1.05,
680,,,,,,,,Flat,167,Wood,RES3,,1.05,
681,,,,,,,,Flat,167,Wood,RES3,,1.05,
682,,,,,,,,Flat,167,Wood,RES3,,1.05,
683,,,,,,,,Flat,167,Wood,RES3,,1.05,
684,,,,,,,,Flat,167,Wood,RES3,,1.05,
685,,,,,,,,Flat,167,Wood,RES3,,1.05,
686,,,,,,,,Flat,167,Wood,RES3,,1.05,
687,,,,,,,,Flat,167,Wood,RES3,,1.05,
688,,,,,,,,Flat,167,Wood,RES3,,1.05,
689,,,,,,,,Flat,167,Wood,RES3,,1.05,
690,,,,,,,,Flat,167,Wood,RES3,,1.05,
691,,,,,,,,Flat,167,Wood,RES3,,1.05,
692,,,,,,,,Flat,167,Wood,RES3,,1.05,
693,,,,,,,,Flat,167,Wood,RES3,,1.05,
694,,,,,,,,Flat,167,Wood,RES3,,1.05,
695,,,,,,,,Flat,167,Wood,RES3,,1.05,
696,,,,,,,,Flat,167,Wood,RES3,,1.05,
697,,,,,,,,Flat,167,Wood,RES3,,1.05,
698,,,,,,,,Flat,167,Wood,RES3,,1.05,
699,,,,,,,,Flat,167,Wood,RES3,,1.05,
700,,,,,,,,Flat,167,Wood,RES3,,1.05,
701,,,,,,,,Flat,167,Wood,RES3,,1.05,
702,,,,,,,,Flat,167,Wood,RES3,,1.05,
703,,,,,,,,Flat,167,Wood,RES3,,1.05,
704,,,,,,,,Flat,167,Wood,RES3,,1.05,
705,,,,,,,,Flat,167,Wood,RES3,,1.05,
706,,,,,,,,Flat,167,Wood,RES3,,1.05,
707,,,,,,,,Flat,167,Wood,RES3,,1.05,
708,,,,,,,,Flat,167,Wood,RES3,,1.05,
709,,,,,,,,Flat,167,Wood,RES3,,1.05,
710,,,,,,,,Flat,167,Wood,RES3,,1.05,
711,,,,,,,,Flat,167,Wood,RES3,,1.05,
712,,,,,,,,Flat,167,Wood,RES3,,1.05,
713,,,,,,,,Flat,167,Wood,RES3,,1.05,
714,,,,,,,,Flat,167,Wood,RES3,,1.05,
715,,,,,,,,Flat,167,Wood,RES3,,1.05,
716,,,,,,,,Flat,167,Wood,RES3,,1.05,
717,,,,,,,,Flat,167,Wood,RES3,,1.05,
718,,,,,,,,Flat,167,Wood,RES3,,1.05,
719,,,,,,,,Flat,167,Wood,RES3,,1.05,
720,,,,,,,,Flat,167,Wood,RES3,,1.05,
721,,,,,,,,Flat,167,Wood,RES3,,1.05,
722,,,,,,,,Flat,167,Wood,RES3,,1.05,
723,,,,,,,,Flat,167,Wood,RES3,,1.05,
724,,,,,,,,Flat,167,Wood,RES3,,1.05,
725,,,,,,,,Flat,167,Wood,RES3,,1.05,
726,,,,,,,,Flat,167,Wood,RES3,,1.05,
727,,,,,,,,Flat,167,Wood,RES3,,1.05,
728,,,,,,,,Flat,167,Wood,RES3,,1.05,
729,,,,,,,,Flat,167,Wood,RES3,,1.05,
730,,,,,,,,Flat,167,Wood,RES3,,1.05,
731,,,,,,,,Flat,167,Wood,RES3,,1.05,
732,,,,,,,,Flat,167,Wood,RES3,,1.05,
733,,,,,,,,Flat,167,Wood,RES3,,1.05,
734,,,,,,,,Flat,167,Wood,RES3,,1.05,
735,,,,,,,,Flat,167,Wood,RES3,,1.05,
736,,,,,,,,Flat,167,Wood,RES3,,1.05,
737,,,,,,,,Flat,167,Wood,RES3,,1.05,
738,,,,,,,,Flat,167,Wood,RES3,,1.05,
739,,,,,,,,Flat,167,Wood,RES3,,1.05,
740,,,,,,,,Flat,167,Wood,RES3,,1.05,
741,,,,,,,,Flat,167,Wood,RES3,,1.05,
742,,,,,,,,Flat,167,Wood,RES3,,1.05,
743,,,,,,,,Flat,167,Wood,RES3,,1.05,
744,,,,,,,,Flat,167,Wood,RES3,,1.05,
745,,,,,,,,Flat,167,Wood,RES3,,1.05,
746,,,,,,,,Flat,167,Wood,RES3,,1.05,
747,,,,,,,,Flat,167,Wood,RES3,,1.05,
748,,,,,,,,Flat,167,Wood,RES3,,1.05,
749,,,,,,,,Flat,167,Wood,RES3,,1.05,
750,,,,,,,,Flat,167,Wood,RES3,,1.05,
751,,,,,,,,Flat,167,Wood,RES3,,1.05,
752,,,,,,,,Flat,167,Wood,RES3,,1.05,
753,,,,,,,,Flat,167,Wood,RES3,,1.05,
754,,,,,,,,Flat,167,Wood,RES3,,1.05,
755,,,,,,,,Flat,167,Wood,RES3,,1.05,
756,,,,,,,,Flat,167,Wood,RES3,,1.05,
757,,,,,,,,Flat,167,Wood,RES3,,1.05,
758,,,,,,,,Flat,167,Wood,RES3,,1.05,
759,,,,,,,,Flat,167,Wood,RES3,,1.05,
760,,,,,,,,Flat,167,Wood,RES3,,1.05,
761,,,,,,,,Flat,167,Wood,RES3,,1.05,
762,,,,,,,,Flat,167,Wood,RES3,,1.05,
763,,,,,,,,Flat,167,Wood,RES3,,1.05,
764,,,,,,,,Flat,167,Wood,RES3,,1.05,
765,,,,,,,,Flat,167,Wood,RES3,,1.05,
766,,,,,,,,Flat,167,Wood,RES3,,1.05,
767,,,,,,,,Flat,167,Wood,RES3,,1.05,
768,,,,,,,,Flat,167,Wood,RES3,,1.05,
769,,,,,,,,Flat,167,Wood,RES3,,1.05,
770,,,,,,,,Flat,167,Wood,RES3,,1.05,
771,,,,,,,,Flat,167,Wood,RES3,,1.05,
772,,,,,,,,Flat,167,Wood,RES3,,1.05,
773,,,,,,,,Flat,167,Wood,RES3,,1.05,
774,,,,,,,,Flat,167,Wood,RES3,,1.05,
775,,,,,,,,Flat,167,Wood,RES3,,1.05,
776,,,,,,,,Flat,167,Wood,RES3,,1.05,
777,,,,,,,,Flat,167,Wood,RES3,,1.05,
778,,,,,,,,Flat,167,Wood,RES3,,1.05,
779,,,,,,,,Flat,167,Wood,RES3,,1.05,
780,,,,,,,,Flat,167,Wood,RES3,,1.05,
781,,,,,,,,Flat,167,Wood,RES3,,1.05,
782,,,,,,,,Flat,167,Wood,RES3,,1.05,
783,,,,,,,,Flat,167,Wood,RES3,,1.05,
784,,,,,,,,Flat,167,Wood,RES3,,1.05,
785,,,,,,,,Flat,167,Wood,RES3,,1.05,
786,,,,,,,,Flat,167,Wood,RES3,,1.05,
787,,,,,,,,Flat,167,Wood,RES3,,1.05,
788,,,,,,,,Flat,167,Wood,RES3,,1.05,
789,,,,,,,,Flat,167,Wood,RES3,,1.05,
790,,,,,,,,Flat,167,Wood,RES3,,1.05,
791,,,,,,,,Flat,167,Wood,RES3,,1.05,
792,,,,,,,,Flat,167,Wood,RES3,,1.05,
793,,,,,,,,Flat,167,Wood,RES3,,1.05,
794,,,,,,,,Flat,167,Wood,RES3,,1.05,
795,,,,,,,,Flat,167,Wood,RES3,,1.05,
796,,,,,,,,Flat,167,Wood,RES3,,1.05,
797,,,,,,,,Flat,167,Wood,RES3,,1.05,
798,,,,,,,,Flat,167,Wood,RES3,,1.05,
799,,,,,,,,Flat,167,Wood,RES3,,1.05,
800,,,,,,,,Flat,167,Wood,RES3,,1.05,
801,,,,,,,,Flat,167,Wood,RES3,,1.05,
802,,,,,,,,Flat,167,Wood,RES3,,1.05,
803,,,,,,,,Flat,167,Wood,RES3,,1.05,
804,,,,,,,,Flat,167,Wood,RES3,,1.05,
805,,,,,,,,Flat,167,Wood,RES3,,1.05,
806,,,,,,,,Flat,167,Wood,RES3,,1.05,
807,,,,,,,,Flat,167,Wood,RES3,,1.05,
808,,,,,,,,Flat,167,Wood,RES3,,1.05,
809,,,,,,,,Flat,167,Wood,RES3,,1.05,
810,,,,,,,,Flat,167,Wood,RES3,,1.05,
811,,,,,,,,Flat,167,Wood,RES3,,1.05,
812,,,,,,,,Flat,167,Wood,RES3,,1.05,
813,,,,,,,,Flat,167,Wood,RES3,,1.05,
814,,,,,,,,Flat,167,Wood,RES3,,1.05,
815,,,,,,,,Flat,167,Wood,RES3,,1.05,
816,,,,,,,,Flat,167,Wood,RES3,,1.05,
817,,,,,,,,Flat,167,Wood,RES3,,1.05,
818,,,,,,,,Flat,167,Wood,RES3,,1.05,
819,,,,,,,,Flat,167,Wood,RES3,,1.05,
820,,,,,,,,Flat,167,Wood,RES3,,1.05,
821,,,,,,,,Flat,167,Wood,RES3,,1.05,
822,,,,,,,,Flat,167,Wood,RES3,,1.05,
823,,,,,,,,Flat,167,Wood,RES3,,1.05,
824,,,,,,,,Flat,167,Wood,RES3,,1.05,
825,,,,,,,,Flat,167,Wood,RES3,,1.05,
826,,,,,,,,Flat,167,Wood,RES3,,1.05,
827,,,,,,,,Flat,167,Wood,RES3,,1.05,
828,,,,,,,,Flat,167,Wood,RES3,,1.05,
829,,,,,,,,Flat,167,Wood,RES3,,1.05,
830,,,,,,,,Flat,167,Wood,RES3,,1.05,
831,,,,,,,,Flat,167,Wood,RES3,,1.05,
832,,,,,,,,Flat,167,Wood,RES3,,1.05,
833,,,,,,,,Flat,167,Wood,RES3,,1.05,
834,,,,,,,,Flat,167,Wood,RES3,,1.05,
835,,,,,,,,Flat,167,Wood,RES3,,1.05,
836,,,,,,,,Flat,167,Wood,RES3,,1.05,
837,,,,,,,,Flat,167,Wood,RES3,,1.05,
838,,,,,,,,Flat,167,Wood,RES3,,1.05,
839,,,,,,,,Flat,167,Wood,RES3,,1.05,
840,,,,,,,,Flat,167,Wood,RES3,,1.05,
841,,,,,,,,Flat,167,Wood,RES3,,1.05,
842,,,,,,,,Flat,167,Wood,RES3,,1.05,
843,,,,,,,,Flat,167,Wood,RES3,,1.05,
844,,,,,,,,Flat,167,Wood,RES3,,1.05,
845,,,,,,,,Flat,167,Wood,RES3,,1.05,
846,,,,,,,,Flat,167,Wood,RES3,,1.05,
847,,,,,,,,Flat,167,Wood,RES3,,1.05,
848,,,,,,,,Flat,167,Wood,RES3,,1.05,
849,,,,,,,,Flat,167,Wood,RES3,,1.05,
850,,,,,,,,Flat,167,Wood,RES3,,1.05,
851,,,,,,,,Flat,167,Wood,RES3,,1.05,
852,,,,,,,,Flat,167,Wood,RES3,,1.05,
853,,,,,,,,Flat,167,Wood,RES3,,1.05,
854,,,,,,,,Flat,167,Wood,RES3,,1.05,
855,,,,,,,,Flat,167,Wood,RES3,,1.05,
856,,,,,,,,Flat,167,Wood,RES3,,1.05,
857,,,,,,,,Flat,167,Wood,RES3,,1.05,
858,,,,,,,,Flat,167,Wood,RES3,,1.05,
859,,,,,,,,Flat,167,Wood,RES3,,1.05,
860,,,,,,,,Flat,167,Wood,RES3,,1.05,
861,,,,,,,,Flat,167,Wood,RES3,,1.05,
862,,,,,,,,Flat,167,Wood,RES3,,1.05,
863,,,,,,,,Flat,167,Wood,RES3,,1.05,
864,,,,,,,,Flat,167,Wood,RES3,,1.05,
865,,,,,,,,Flat,167,Wood,RES3,,1.05,
866,,,,,,,,Flat,167,Wood,RES3,,1.05,
867,,,,,,,,Flat,167,Wood,RES3,,1.05,
868,,,,,,,,Flat,167,Wood,RES3,,1.05,
869,,,,,,,,Flat,167,Wood,RES3,,1.05,
870,,,,,,,,Flat,167,Wood,RES3,,1.05,
871,,,,,,,,Flat,167,Wood,RES3,,1.05,
872,,,,,,,,Flat,167,Wood,RES3,,1.05,
873,,,,,,,,Flat,167,Wood,RES3,,1.05,
874,,,,,,,,Flat,167,Wood,RES3,,1.05,
875,,,,,,,,Flat,167,Wood,RES3,,1.05,
876,,,,,,,,Flat,167,Wood,RES3,,1.05,
877,,,,,,,,Flat,167,Wood,RES3,,1.05,
878,,,,,,,,Flat,167,Wood,RES3,,1.05,
879,,,,,,,,Flat,167,Wood,RES3,,1.05,
880,,,,,,,,Flat,167,Wood,RES3,,1.05,
881,,,,,,,,Flat,167,Wood,RES3,,1.05,
882,,,,,,,,Flat,167,Wood,RES3,,1.05,
883,,,,,,,,Flat,167,Wood,RES3,,1.05,
884,,,,,,,,Flat,167,Wood,RES3,,1.05,
885,,,,,,,,Flat,167,Wood,RES3,,1.05,
886,,,,,,,,Flat,167,Wood,RES3,,1.05,
887,,,,,,,,Flat,167,Wood,RES3,,1.05,
888,,,,,,,,Flat,167,Wood,RES3,,1.05,
889,,,,,,,,Flat,167,Wood,RES3,,1.05,
890,,,,,,,,Flat,167,Wood,RES3,,1.05,
891,,,,,,,,Flat,167,Wood,RES3,,1.05,
892,,,,,,,,Flat,167,Wood,RES3,,1.05,
893,,,,,,,,Flat,167,Wood,RES3,,1.05,
894,,,,,,,,Flat,167,Wood,RES3,,1.05,
895,,,,,,,,Flat,167,Wood,RES3,,1.05,
896,,,,,,,,Flat,167,Wood,RES3,,1.05,
897,,,,,,,,Flat,167,Wood,RES3,,1.05,
898,,,,,,,,Flat,167,Wood,RES3,,1.05,
899,,,,,,,,Flat,167,Wood,RES3,,1.05,
900,,,,,,,,Flat,167,Wood,RES3,,1.05,
901,,,,,,,,Flat,167,Wood,RES3,,1.05,
902,,,,,,,,Flat,167,Wood,RES3,,1.05,
903,,,,,,,,Flat,167,Wood,RES3,,1.05,
904,,,,,,,,Flat,167,Wood,RES3,,1.05,
905,,,,,,,,Flat,167,Wood,RES3,,1.05,
906,,,,,,,,Flat,167,Wood,RES3,,1.05,
907,,,,,,,,Flat,167,Wood,RES3,,1.05,
908,,,,,,,,Flat,167,Wood,RES3,,1.05,
909,,,,,,,,Flat,167,Wood,RES3,,1.05,
910,,,,,,,,Flat,167,Wood,RES3,,1.05,
911,,,,,,,,Flat,167,Wood,RES3,,1.05,
912,,,,,,,,Flat,167,Wood,RES3,,1.05,
913,,,,,,,,Flat,167,Wood,RES3,,1.05,
914,,,,,,,,Flat,167,Wood,RES3,,1.05,
915,,,,,,,,Flat,167,Wood,RES3,,1.05,
916,,,,,,,,Flat,167,Wood,RES3,,1.05,
917,,,,,,,,Flat,167,Wood,RES3,,1.05,
918,,,,,,,,Flat,167,Wood,RES3,,1.05,
919,,,,,,,,Flat,167,Wood,RES3,,1.05,
920,,,,,,,,Flat,167,Wood,RES3,,1.05,
921,,,,,,,,Flat,167,Wood,RES3,,1.05,
922,,,,,,,,Flat,167,Wood,RES3,,1.05,
923,,,,,,,,Flat,167,Wood,RES3,,1.05,
924,,,,,,,,Flat,167,Wood,RES3,,1.05,
925,,,,,,,,Flat,167,Wood,RES3,,1.05,
926,,,,,,,,Flat,167,Wood,RES3,,1.05,
927,,,,,,,,Flat,167,Wood,RES3,,1.05,
928,,,,,,,,Flat,167,Wood,RES3,,1.05,
929,,,,,,,,Flat,167,Wood,RES3,,1.05,
930,,,,,,,,Flat,167,Wood,RES3,,1.05,
931,,,,,,,,Flat,167,Wood,RES3,,1.05,
